{
    "Logistic Regression": {
        "accuracy": 0.40205,
        "f1_weighted": 0.4708331057125057,
        "f1_macro": 0.2831680918130301
    },
    "Random Forest": {
        "accuracy": 0.7668,
        "f1_weighted": 0.6800839662659797,
        "f1_macro": 0.2981224015778057
    },
    "XGBoost": {
        "accuracy": 0.77825,
        "f1_weighted": 0.6812012512301421,
        "f1_macro": 0.2917662495899527
    }
}